{
  "cost": 5.438597603972034e-09,
  "gross": 1.0872821499013875e-05
}
