{
  "cost": 1.8451859855294863e-10,
  "gross": 3.690328576017539e-07
}
