{
  "AAPL": 1.2274864399775986e-06,
  "AMZN": -4.0434738186160273e-07,
  "BA": 4.414709260165846e-07,
  "JPM": -5.636846356590706e-07,
  "META": -9.749114948956537e-07,
  "MSFT": 9.892806618106318e-07,
  "NVDA": 5.49366231203837e-07,
  "XOM": -1.2638920938346278e-06
}
