{
  "AAPL": -2.0218097066797386e-06,
  "AMZN": -4.294889738489461e-06,
  "BA": -2.3625642116276717e-06,
  "JPM": 1.2147560849784166e-07,
  "META": 3.417288449993988e-07,
  "MSFT": 2.029837833647658e-06,
  "NVDA": 4.128356042566668e-06,
  "XOM": 2.0569207563896577e-06
}
