{
  "AAPL": -2.7228905300213613e-07,
  "AMZN": 2.430593825989753e-06,
  "BA": -2.2535012918739968e-06,
  "JPM": 1.1959332146793388e-07,
  "META": 2.1883877458219434e-06,
  "MSFT": -6.551202314149926e-07,
  "NVDA": 6.9733302719994e-07,
  "XOM": -2.256003002243179e-06
}
