{
  "cost": 3.2078210538142135e-09,
  "gross": 6.414439865259606e-06
}
