{
  "AAPL": 1.7363822993344868e-08,
  "AMZN": -4.626600486407609e-08,
  "BA": -3.95582474280105e-09,
  "JPM": -6.54393741389813e-08,
  "META": 6.896924131126026e-08,
  "MSFT": 6.693420220840002e-08,
  "NVDA": 3.120906402579476e-08,
  "XOM": -6.889532331709556e-08
}
