{
  "AAPL": 6.904922729408092e-06,
  "AMZN": 4.353951224616351e-06,
  "BA": -2.675390192422048e-06,
  "JPM": -1.0656751287487752e-06,
  "META": -6.298204331849433e-07,
  "MSFT": -7.098082477267287e-06,
  "NVDA": 2.3779287897259126e-07,
  "XOM": -2.6635720519035755e-08
}
