{
  "AAPL": 2.0413032616634542e-07,
  "AMZN": -3.0469400218733386e-06,
  "BA": 3.0410401433086146e-06,
  "JPM": -1.757954395903806e-06,
  "META": 4.785007627428095e-06,
  "MSFT": -1.5409780551554166e-06,
  "NVDA": 2.849146001276189e-07,
  "XOM": -1.968681079154161e-06
}
