{
  "cost": 0.00024467572550048426,
  "gross": 0.0843684904236902
}
