{
  "cost": 8.319912287996702e-09,
  "gross": 1.6629646249117397e-05
}
