{
  "cost": 8.684155523967049e-09,
  "gross": 1.7357582742898095e-05
}
