{
  "AAPL": -1.0929645561501316e-06,
  "AMZN": 8.564431746819268e-07,
  "BA": -0.0017163224048274397,
  "JPM": -0.0299990691626403,
  "META": 0.010465788601850908,
  "MSFT": 0.02999943170965763,
  "NVDA": -0.010467768524630902,
  "XOM": 0.0017181606123521883
}
