{
  "cost": 1.1508711885456985e-08,
  "gross": 2.2992270785139123e-05
}
