{
  "cost": 5.070845486292189e-10,
  "gross": 1.014136133678445e-06
}
