{
  "AAPL": -1.0011519181200463e-07,
  "AMZN": -1.510371155066642e-07,
  "BA": 8.499659295526737e-08,
  "JPM": 1.5419066863164268e-07,
  "META": 1.8793048354959706e-07,
  "MSFT": 7.987556272921066e-08,
  "NVDA": -2.431471372531518e-07,
  "XOM": -1.2843381240906742e-08
}
